video_id,filename
TR00415,videos/TR00415.mp4
TR00416,videos/TR00416.mp4
TR00417,videos/TR00417.mp4
TR00418,videos/TR00418.mp4
TR00419,videos/TR00419.mp4
TR00420,videos/TR00420.mp4
TR00421,videos/TR00421.mp4
TR00422,videos/TR00422.mp4
TR00423,videos/TR00423.mp4
TR00424,videos/TR00424.mp4
TR00425,videos/TR00425.mp4
TR00426,videos/TR00426.mp4
TR00427,videos/TR00427.mp4
TR00428,videos/TR00428.mp4
TR00429,videos/TR00429.mp4
TR00430,videos/TR00430.mp4
TR00431,videos/TR00431.mp4
TR00432,videos/TR00432.mp4
TR00433,videos/TR00433.mp4
TR00434,videos/TR00434.mp4
TR00435,videos/TR00435.mp4
TR00436,videos/TR00436.mp4
TR00437,videos/TR00437.mp4
TR00438,videos/TR00438.mp4
TR00439,videos/TR00439.mp4
TR00440,videos/TR00440.mp4
TR00441,videos/TR00441.mp4
TR00442,videos/TR00442.mp4
TR00443,videos/TR00443.mp4
TR00444,videos/TR00444.mp4
TR00445,videos/TR00445.mp4
TR00446,videos/TR00446.mp4
TR00447,videos/TR00447.mp4
TR00448,videos/TR00448.mp4
TR00449,videos/TR00449.mp4
TR00450,videos/TR00450.mp4
TR00451,videos/TR00451.mp4
TR00452,videos/TR00452.mp4
TR00453,videos/TR00453.mp4
TR00454,videos/TR00454.mp4
TR00455,videos/TR00455.mp4
TR00456,videos/TR00456.mp4
TR00457,videos/TR00457.mp4
TR00458,videos/TR00458.mp4
TR00459,videos/TR00459.mp4
TR00460,videos/TR00460.mp4
TR00461,videos/TR00461.mp4
TR00462,videos/TR00462.mp4
TR00463,videos/TR00463.mp4
TR00464,videos/TR00464.mp4
TR00465,videos/TR00465.mp4
TR00466,videos/TR00466.mp4
TR00467,videos/TR00467.mp4
TR00468,videos/TR00468.mp4
TR00469,videos/TR00469.mp4
TR00470,videos/TR00470.mp4
TR00471,videos/TR00471.mp4
TR00472,videos/TR00472.mp4
TR00473,videos/TR00473.mp4
TR00474,videos/TR00474.mp4
TR00475,videos/TR00475.mp4
TR00476,videos/TR00476.mp4
TR00477,videos/TR00477.mp4
TR00478,videos/TR00478.mp4
TR00479,videos/TR00479.mp4
TR00480,videos/TR00480.mp4
TR00481,videos/TR00481.mp4
TR00482,videos/TR00482.mp4
TR00483,videos/TR00483.mp4
TR00484,videos/TR00484.mp4
TR00485,videos/TR00485.mp4
TR00486,videos/TR00486.mp4
TR00487,videos/TR00487.mp4
TR00488,videos/TR00488.mp4
TR00489,videos/TR00489.mp4
TR00490,videos/TR00490.mp4
TR00491,videos/TR00491.mp4
TR00492,videos/TR00492.mp4
TR00493,videos/TR00493.mp4
TR00494,videos/TR00494.mp4
TR00495,videos/TR00495.mp4
TR00496,videos/TR00496.mp4
TR00497,videos/TR00497.mp4
TR00498,videos/TR00498.mp4
TR00499,videos/TR00499.mp4
TR00500,videos/TR00500.mp4
TR00501,videos/TR00501.mp4
TR00502,videos/TR00502.mp4
TR00503,videos/TR00503.mp4
TR00504,videos/TR00504.mp4
TR00505,videos/TR00505.mp4
TR00506,videos/TR00506.mp4
TR00507,videos/TR00507.mp4
TR00508,videos/TR00508.mp4
TR00509,videos/TR00509.mp4
